image_name,Type_1,Type_2,Type_3,p1x,p1y,midx,midy,p2x,p2y,is_circle
test/82.jpg,0.112090,0.494534,0.348323,62.632198,105.082901,73.889717,107.416740,84.067856,107.419502,0.748831
test/38.jpg,0.100564,0.652186,0.214238,70.742218,47.344753,75.691147,48.442162,79.703423,49.292183,0.677088
test/418.jpg,0.052837,0.373204,0.530301,69.471931,94.812317,74.419456,95.260757,77.802437,94.645912,0.500124
test/403.jpg,0.011489,0.526964,0.559591,71.658722,43.926815,76.863174,44.487755,80.344276,44.848347,0.597466
test/228.jpg,0.108543,0.650119,0.180593,50.546139,63.394436,68.684319,59.811756,85.463966,54.674023,0.863036
test/262.jpg,0.003130,0.743444,0.245550,95.332764,68.938889,101.501831,69.029793,105.228905,69.068634,0.566602
test/373.jpg,0.082099,0.469394,0.393833,62.887665,92.135612,70.069160,91.623276,75.965858,89.598343,0.670754
test/374.jpg,-0.094854,0.451767,0.575958,62.369408,58.627453,66.287384,58.669903,68.760162,59.266163,0.613840
test/72.jpg,0.121038,0.736617,0.133645,71.551544,63.575382,79.229736,65.458832,85.053879,67.115570,0.611026
test/389.jpg,0.051433,0.463464,0.448273,57.433147,78.221283,70.434471,78.930717,81.282303,77.821564,0.881837
test/71.jpg,0.143902,0.437140,0.364458,67.744621,99.392128,76.186401,98.595680,83.214615,95.623100,0.659284
test/487.jpg,0.027369,0.668529,0.163278,47.386559,94.992256,55.065403,97.114441,62.776600,97.979042,0.816948
test/117.jpg,0.138930,0.628365,0.193842,67.462532,53.544258,81.548843,52.215809,94.061516,50.271492,0.735600
test/84.jpg,-0.068889,0.316214,0.772240,75.577538,49.233383,85.873634,46.609089,93.719742,44.449627,0.595474
test/163.jpg,0.124576,0.617709,0.162127,56.733868,80.004410,63.740524,79.800011,69.517334,78.518898,0.803269
test/463.jpg,0.127591,0.507331,0.340287,71.242058,86.543869,85.411964,84.356781,97.085457,80.760376,0.795955
test/312.jpg,-0.037402,0.810454,0.221075,89.356956,67.375412,98.086845,70.274017,104.395264,72.162453,0.646654
test/193.jpg,0.207054,0.604778,0.149863,68.199196,85.208565,73.886040,85.246567,78.579742,84.121613,0.673544
test/159.jpg,-0.008386,0.517062,0.326254,43.412956,114.989876,58.869392,111.128487,73.009506,106.615761,0.865703
test/425.jpg,0.017119,0.527579,0.385668,75.423248,79.987511,78.206841,80.851036,80.213974,81.969704,0.552338
test/292.jpg,-0.019196,0.445652,0.551552,68.570663,76.505402,81.292519,75.301933,91.584175,73.475037,0.725456
test/178.jpg,-0.161734,0.463920,0.779635,79.104691,74.064575,81.819649,73.667122,82.058861,74.242241,0.366514
test/366.jpg,-0.006603,0.384527,0.604103,66.430695,68.380142,74.871078,67.483231,81.570511,65.718018,0.705058
test/216.jpg,0.134650,0.623517,0.200423,63.988621,80.547707,70.262543,80.405205,75.206673,79.420074,0.746862
test/70.jpg,0.075135,0.621532,0.234936,67.421440,62.597267,72.954544,62.821220,77.156021,62.952248,0.700841
test/208.jpg,0.060082,0.539564,0.353368,73.979271,54.819206,78.072945,55.653740,80.971687,56.422615,0.560329
test/466.jpg,0.024312,0.646098,0.212600,47.396500,79.718010,51.317783,82.268883,55.279728,83.932678,0.669607
test/273.jpg,0.060722,0.529133,0.369627,59.591793,91.531799,69.533981,92.648643,78.109993,92.422455,0.779812
test/180.jpg,0.057760,0.601887,0.337671,71.446678,62.258144,75.236198,62.619705,77.319641,63.050812,0.584248
test/375.jpg,-0.022758,0.527892,0.570777,73.195923,37.973419,79.717583,38.766102,84.851112,38.885021,0.687418
test/229.jpg,0.205401,0.587234,0.173037,82.204849,103.369652,93.782570,105.494507,104.488068,103.527824,0.599087
test/157.jpg,-0.004233,0.610335,0.355047,49.118412,65.115952,54.477684,68.515694,58.634346,70.532852,0.792080
test/231.jpg,-0.030762,0.512928,0.446649,56.711334,69.263130,64.973640,70.275688,71.526970,70.740997,0.792563
test/297.jpg,0.038505,0.471588,0.506112,53.957527,73.892548,82.417381,73.723656,107.725700,71.198425,0.870410
test/493.jpg,0.068353,0.562380,0.351233,81.980431,86.640739,86.619965,87.291260,89.828339,87.455032,0.541092
test/230.jpg,0.040037,0.546127,0.320157,55.734612,58.092991,60.899014,59.061943,64.912949,59.680077,0.664738
test/311.jpg,-0.038565,0.567913,0.366598,61.771465,65.338936,67.764503,65.056046,72.239304,64.311790,0.687908
test/303.jpg,0.046853,0.621929,0.147426,43.250912,89.045296,49.834850,89.746567,56.459629,89.503281,0.832991
test/295.jpg,0.012665,0.492169,0.484359,41.449863,72.638054,73.720001,71.121979,103.204849,67.955925,0.905550
test/500.jpg,0.038239,0.487505,0.419667,62.236755,83.144798,71.307961,82.340019,78.468765,80.541832,0.796203
test/353.jpg,0.042659,0.489130,0.405019,70.715096,78.625145,76.335983,78.324211,80.254288,77.475510,0.641945
test/447.jpg,0.004757,0.324950,0.639087,67.486069,74.101852,67.914612,72.983482,67.065933,72.303772,0.355766
test/379.jpg,-0.081385,0.579227,0.489334,57.586784,57.571259,67.578064,58.768585,75.519829,58.774395,0.768876
test/287.jpg,0.010896,0.424916,0.525283,69.401123,53.288128,76.691391,52.596119,83.135292,51.806778,0.653482
test/270.jpg,-0.012412,0.526631,0.505504,76.410118,38.249401,78.593880,38.786522,79.133270,39.249489,0.489476
test/34.jpg,0.112805,0.522681,0.344957,70.307854,84.991699,76.988281,85.663147,82.406311,85.216995,0.678041
test/318.jpg,0.082401,0.601073,0.191451,55.627262,94.317329,61.700481,94.439415,67.426430,93.622467,0.721016
test/16.jpg,-0.004350,0.355882,0.571143,69.109177,68.062538,64.983131,69.201431,60.496181,71.166321,0.128931
test/333.jpg,-0.084654,0.497322,0.617879,69.341469,52.590176,71.800682,51.867859,72.564018,52.136292,0.557876
test/401.jpg,0.011054,0.665709,0.305503,72.362785,62.666103,77.727745,62.518688,81.611694,62.272835,0.615490
test/492.jpg,0.047269,0.562461,0.435434,66.948616,52.879665,82.817551,50.109329,97.592300,47.115681,0.727401
test/177.jpg,0.136361,0.501465,0.478005,63.068092,33.755821,78.947128,35.828892,92.792908,36.930199,0.680291
test/310.jpg,-0.053064,0.600887,0.433377,84.222031,57.634617,87.963272,58.376236,90.156723,58.372295,0.463820
test/495.jpg,-0.023231,0.554898,0.372172,51.154465,92.337479,62.470047,90.385513,72.447708,86.678482,0.871038
test/75.jpg,0.048564,0.701079,0.158389,53.908718,72.002571,62.115841,71.719879,69.110611,70.726494,0.798281
test/160.jpg,0.003848,0.504617,0.476685,80.406174,77.074516,86.303612,77.537468,90.016090,76.817558,0.522561
test/399.jpg,0.016036,0.502733,0.421108,53.698151,71.816261,67.300781,71.649178,78.310371,70.541313,0.821523
test/125.jpg,0.028880,0.526013,0.452324,62.808685,77.067123,68.865776,78.171234,73.134636,78.116287,0.630106
test/26.jpg,-0.005630,0.446900,0.535484,62.197273,75.135986,74.407257,74.783623,84.432564,72.723465,0.820432
test/53.jpg,-0.040824,0.618637,0.383743,76.520142,66.846863,89.476112,66.518356,99.635506,65.450157,0.728908
test/474.jpg,0.021802,0.582143,0.307132,57.391819,71.335991,59.815498,71.689880,61.145493,71.915680,0.567119
test/346.jpg,-0.095217,0.493341,0.506887,50.975479,60.826759,61.279427,60.538162,70.013168,59.984535,0.835645
test/400.jpg,0.140610,0.520510,0.286697,72.046333,80.690315,77.244034,79.871925,81.000862,78.529961,0.621449
test/1.jpg,-0.099373,0.633637,0.444561,92.435760,59.659866,97.846458,60.109566,100.884186,60.270679,0.546834
test/150.jpg,0.209473,0.519000,0.248773,64.696541,96.179863,76.915276,97.626122,87.582161,97.017189,0.792660
test/253.jpg,-0.147581,0.512038,0.732989,74.394836,69.704880,78.613716,68.933983,80.560532,69.698349,0.420045
test/18.jpg,0.101059,0.747140,0.154357,84.944031,64.255104,87.442230,64.283455,88.332329,64.414299,0.421685
test/226.jpg,-0.046224,0.466036,0.500931,51.476433,87.893509,57.467995,88.411942,62.297466,88.005516,0.676529
test/296.jpg,-0.106302,0.609240,0.344201,41.339024,98.373535,51.591038,98.708870,61.040665,98.302338,0.780124
test/235.jpg,0.040713,0.688245,0.233964,60.442024,61.281700,69.184921,61.428196,76.553772,60.412426,0.868398
test/172.jpg,0.024660,0.707128,0.250810,87.125595,72.558640,94.203392,72.551491,98.911606,72.541939,0.612248
test/285.jpg,0.025234,0.667393,0.262849,49.921448,62.683434,57.477814,63.767719,64.119278,64.077667,0.884152
test/4.jpg,-0.034649,0.622775,0.335182,55.431057,69.105705,62.994797,68.804810,69.169312,68.017471,0.799970
test/506.jpg,0.009390,0.645070,0.322436,75.820839,69.036118,84.291054,70.041672,90.401375,70.430283,0.669051
test/33.jpg,-0.010430,0.582209,0.384785,79.202782,53.531879,83.791801,54.217609,87.267975,54.659916,0.557510
test/10.jpg,0.278991,0.535031,0.045996,25.529202,59.764771,49.861401,64.407135,72.753983,66.326302,0.858353
test/97.jpg,0.078220,0.652567,0.211174,74.032982,59.501808,83.285149,60.745182,90.459068,61.424412,0.692651
test/410.jpg,0.043996,0.607581,0.316366,71.677223,69.760254,80.034294,69.261559,86.527901,68.360641,0.764105
test/139.jpg,0.164573,0.562180,0.261949,67.627609,89.040726,75.451881,91.333748,82.202011,91.708466,0.713773
test/335.jpg,-0.092934,0.523402,0.580850,83.894447,35.962921,88.817162,37.172821,92.045242,38.379559,0.538771
test/31.jpg,-0.063215,0.647573,0.374709,65.695839,60.723530,74.491478,61.478970,81.736710,61.672615,0.799825
test/426.jpg,0.024952,0.491735,0.465252,87.253731,87.646492,92.011581,88.259674,95.042343,87.799599,0.482721
test/94.jpg,-0.004857,0.709003,0.210884,53.781162,75.611771,59.910980,75.692322,64.885132,75.300385,0.725776
test/283.jpg,-0.065797,0.378341,0.627429,29.705667,75.578842,48.346569,79.962173,64.858429,82.109123,0.732314
test/113.jpg,-0.195970,0.584796,0.640481,78.076881,71.747368,83.382217,74.133026,85.850510,75.736618,0.614063
test/257.jpg,0.061430,0.700580,0.212783,66.293671,59.647179,76.798210,60.082767,85.351990,59.709633,0.749113
test/325.jpg,-0.019063,0.360458,0.629979,67.787262,70.649406,76.192703,69.742195,82.818100,67.722710,0.676709
test/299.jpg,0.047174,0.519780,0.418475,73.845528,102.270203,80.625778,104.218544,85.735794,104.549011,0.529116
test/116.jpg,-0.050695,0.596500,0.423747,62.003086,50.564194,76.917198,50.608959,89.838623,50.020714,0.855614
test/167.jpg,-0.089091,0.501210,0.500268,65.899124,54.765312,68.897049,55.421459,70.305580,55.944809,0.543019
test/83.jpg,-0.118078,0.299277,0.783268,46.577850,68.719002,50.480526,68.190987,52.931110,68.253220,0.535008
test/43.jpg,-0.083139,0.504490,0.611324,72.525185,46.807381,83.111115,46.584854,91.673538,46.163666,0.674266
test/300.jpg,0.085556,0.636016,0.261541,79.389801,69.455200,82.735046,69.263474,84.496033,69.320412,0.463335
test/241.jpg,0.018067,0.932929,-0.016236,71.170235,75.795921,82.019951,77.122086,91.021225,77.539078,0.678425
test/165.jpg,0.019848,0.606036,0.308183,41.283695,53.475998,51.826694,54.069355,61.454479,54.000526,0.909011
test/370.jpg,-0.149293,0.682144,0.333366,52.589832,108.098701,59.208370,110.677010,65.484756,110.972015,0.720236
test/332.jpg,0.180694,0.626716,0.154151,45.811333,71.358398,73.412010,78.577904,99.209457,79.917229,0.979360
test/446.jpg,-0.026582,0.387426,0.660990,63.316841,65.442146,74.250648,64.368370,82.285759,63.376831,0.722429
test/0.jpg,0.089741,0.370995,0.573372,66.406235,81.637573,81.258232,84.240608,94.114723,83.052040,0.638091
test/444.jpg,0.226325,0.542147,0.165376,73.185646,93.341278,77.799377,92.444931,81.900116,90.533134,0.606891
test/57.jpg,0.111702,0.634150,0.221082,52.472446,61.560627,74.061272,64.686546,93.278259,66.444420,0.863738
test/490.jpg,0.172001,0.602375,0.175839,64.230972,84.765388,75.477325,83.909920,84.973503,81.553688,0.853244
test/456.jpg,0.178449,0.623715,0.197447,74.577057,98.253227,91.440613,103.122139,107.243927,104.201599,0.658826
test/319.jpg,0.000352,0.641974,0.311845,63.916485,60.634155,71.936440,61.400940,78.321846,61.771645,0.770549
test/308.jpg,0.216315,0.487411,0.291378,59.369446,94.614006,75.677544,98.775391,90.340492,99.829460,0.824900
test/232.jpg,-0.013972,0.577819,0.346394,57.044430,59.784542,67.086731,59.363674,75.769363,57.937340,0.772750
test/68.jpg,-0.004604,0.564807,0.452256,88.398727,82.469345,97.240761,84.774559,104.174843,86.105904,0.633169
test/103.jpg,-0.063297,0.517054,0.482167,46.031593,70.878593,52.441647,71.583466,57.653816,71.825462,0.829294
test/184.jpg,-0.190253,0.544959,0.659186,69.013489,56.937481,72.678429,55.702122,73.365341,55.664074,0.530726
test/382.jpg,0.158310,0.590151,0.202587,62.047878,78.646393,71.721222,80.433975,79.431419,81.255623,0.829368
test/391.jpg,0.093370,0.660453,0.227001,69.125900,65.549561,76.738922,65.367462,82.627457,64.825500,0.740965
test/279.jpg,-0.027150,0.502065,0.463337,52.696537,71.991188,59.647366,71.910393,65.032722,71.348305,0.734684
test/344.jpg,0.063639,0.498900,0.402514,80.880997,82.393684,87.793816,83.118690,92.708633,83.022865,0.603563
test/220.jpg,0.147896,0.553974,0.292687,81.225403,98.588165,87.037178,99.020241,91.555481,98.769714,0.556144
test/305.jpg,0.025992,0.663403,0.277865,54.226894,64.190117,66.767006,66.750237,77.688881,67.515572,0.901689
test/462.jpg,-0.004461,0.500027,0.387723,45.630699,74.375763,53.046806,73.804077,59.165947,72.767128,0.821902
test/252.jpg,0.002025,0.546877,0.457094,80.761574,71.992226,93.260307,71.864891,103.470146,69.908745,0.702902
test/213.jpg,-0.107743,0.489017,0.603349,59.721470,61.684280,72.001503,63.257774,81.648857,64.195518,0.820968
test/428.jpg,-0.060757,0.545449,0.459038,60.679558,58.638546,62.965038,57.568375,63.707085,56.668461,0.551307
test/98.jpg,0.171291,0.569854,0.223382,67.461250,85.155891,75.509796,83.880798,82.272995,81.050804,0.735916
test/227.jpg,0.070472,0.472262,0.397713,82.124794,97.541039,83.548859,98.259102,84.071114,99.146652,0.338126
test/186.jpg,0.017335,0.656121,0.275523,45.615410,60.159557,53.468475,61.773796,60.527199,62.502579,0.863936
test/429.jpg,-0.006810,0.274484,0.814121,82.168205,42.821735,86.669525,43.422047,89.147232,44.821281,0.549417
test/327.jpg,0.049730,0.225675,0.685720,69.454796,69.055161,78.228683,70.025688,85.650009,68.966805,0.709845
test/137.jpg,-0.081931,0.625261,0.464506,87.508713,45.837013,91.603561,45.750179,92.884293,45.565651,0.428318
test/146.jpg,0.166847,0.668793,0.161236,73.902039,85.923126,87.370369,91.321510,99.306107,94.211327,0.751927
test/371.jpg,0.090861,0.453792,0.413060,49.454159,86.620018,64.600365,88.353165,78.860237,87.290543,0.789391
test/411.jpg,0.260693,0.574893,0.108287,62.484650,105.895073,77.623810,109.340408,92.474754,109.190483,0.842893
test/288.jpg,-0.019272,0.591307,0.403614,77.918823,42.189003,81.253052,43.216248,83.448616,44.174583,0.493054
test/266.jpg,-0.079544,0.497522,0.659870,98.582863,53.350117,109.330475,53.007149,117.317024,52.768272,0.663516
test/380.jpg,-0.074317,0.337742,0.743029,74.075966,52.423035,84.488297,53.951210,92.884544,53.957119,0.730898
test/480.jpg,-0.067590,0.583824,0.442771,81.719910,68.422455,87.869583,68.834969,92.063202,69.050095,0.610024
test/118.jpg,0.013548,0.509482,0.487241,86.599594,83.538177,93.234604,83.908440,97.923477,83.047493,0.598204
test/109.jpg,-0.029531,0.529131,0.446243,65.180565,68.841667,73.134697,68.799309,79.167839,68.429550,0.691429
test/245.jpg,-0.003827,0.675828,0.249946,52.495892,63.086742,59.489258,63.572357,65.508888,63.382195,0.831879
test/259.jpg,-0.125010,0.559254,0.578898,54.242821,34.084671,56.377968,31.128796,56.613422,31.232548,0.426026
test/27.jpg,-0.021202,0.663042,0.387361,77.381851,59.900429,90.768791,59.242802,102.282791,57.939949,0.738967
test/488.jpg,-0.024315,0.276822,0.786453,44.501129,42.995914,55.664375,38.683475,65.578064,36.952744,0.709407
test/486.jpg,-0.014635,0.572032,0.357725,57.334675,56.168571,63.713657,55.950451,69.046188,55.406242,0.788262
test/402.jpg,0.011788,0.633058,0.316372,77.988983,61.812664,86.998436,61.418484,94.031258,60.027901,0.642386
test/15.jpg,-0.095670,0.366184,0.688777,56.968197,78.036217,58.638153,79.159386,58.659416,79.768478,0.427961
test/240.jpg,-0.000319,0.476344,0.516453,57.797188,59.920712,59.543808,61.334602,60.097557,63.292717,0.505244
test/154.jpg,0.051586,0.634249,0.230670,54.216503,66.782661,58.022823,68.956451,61.285030,70.665192,0.667902
test/247.jpg,0.046759,0.460907,0.441385,68.401581,78.228798,68.999962,78.713387,68.659180,79.274887,0.428077
test/476.jpg,0.016233,0.659083,0.263383,75.276077,61.301205,83.388199,60.977104,89.870506,60.333179,0.697233
test/168.jpg,0.239038,0.822540,-0.075230,74.676651,78.979538,91.052727,84.077126,107.893478,84.516747,0.812470
test/472.jpg,0.066910,0.354688,0.528376,72.547630,88.910637,76.301315,89.398270,78.717278,89.236015,0.476761
test/243.jpg,0.134194,0.630500,0.147948,56.145576,79.210396,62.951927,80.423302,69.229088,80.328796,0.764693
test/392.jpg,-0.106084,0.392474,0.727456,64.660889,44.590603,70.120094,43.153584,73.151451,42.552734,0.584468
test/477.jpg,0.095384,0.578677,0.261364,53.171299,49.402992,66.280205,49.458977,78.445168,48.275513,0.961327
test/423.jpg,-0.186772,0.281762,0.858620,48.531712,73.869286,51.487995,71.599571,52.796982,70.498245,0.476483
test/274.jpg,0.030094,0.570093,0.361636,82.658417,105.502960,87.508774,106.162590,91.158867,105.512138,0.484594
test/46.jpg,0.182967,0.725859,0.043560,65.301773,74.309273,72.337799,73.438683,77.932678,71.947166,0.702321
test/484.jpg,-0.012092,0.587612,0.369095,52.567596,72.154160,58.052303,73.163399,62.836796,73.330864,0.803165
test/416.jpg,-0.006053,0.616834,0.336833,62.061382,65.034241,68.164886,65.485023,72.866554,65.489243,0.735307
test/219.jpg,0.044756,0.611614,0.470906,93.932411,41.827503,109.325073,42.855743,122.033699,43.767704,0.592017
test/424.jpg,-0.117746,0.599802,0.500420,89.700050,57.918308,91.753288,58.951187,91.570366,59.550022,0.519548
test/223.jpg,0.113359,0.555964,0.284171,63.163708,84.970703,66.535057,87.013290,69.423561,88.177879,0.583094
test/328.jpg,-0.088431,0.521971,0.536359,81.271591,57.106602,91.773773,57.440163,99.925011,57.605934,0.701509
test/149.jpg,-0.053033,0.348026,0.774804,82.222298,75.659111,88.230965,75.138252,92.008316,74.382362,0.571969
test/215.jpg,0.025847,0.633122,0.327168,79.584846,70.820557,85.157478,71.590660,89.171120,71.918793,0.589791
test/442.jpg,0.195095,0.517553,0.364947,44.130981,43.173122,72.189613,51.533100,97.419144,56.168171,0.832060
test/49.jpg,0.002526,0.301625,0.654392,73.515350,80.198730,78.085106,80.075645,80.834648,79.236572,0.490926
test/147.jpg,0.098042,0.588497,0.270461,58.110088,75.204666,62.756874,76.386925,66.917351,76.985146,0.724204
test/152.jpg,0.068370,0.492468,0.419655,33.666119,43.600018,41.801540,43.176838,49.438244,42.807182,0.988866
test/132.jpg,0.000107,0.483419,0.587513,59.993729,35.640411,64.560509,34.119888,67.514839,34.692337,0.523885
test/246.jpg,-0.016830,0.581999,0.390211,48.870605,53.664810,66.020180,50.534401,81.792412,47.270794,0.960996
test/155.jpg,-0.033574,0.571604,0.464425,91.686295,82.333420,100.024437,80.659195,105.863991,78.088745,0.608996
test/51.jpg,0.204683,0.615761,0.116196,35.059078,63.236801,69.383423,68.663338,101.845657,69.624924,0.901739
test/505.jpg,0.189756,0.589235,0.208123,78.055122,96.166039,87.739578,99.001289,96.348175,99.526428,0.684462
test/407.jpg,0.055491,0.683834,0.222513,79.418365,56.827343,84.696129,56.789551,88.767433,56.482937,0.542105
test/421.jpg,0.014259,0.527406,0.416071,81.432083,80.987167,86.046997,81.713608,89.133675,82.013817,0.531747
test/189.jpg,-0.060891,0.471827,0.538010,62.892315,68.491814,68.362297,68.807175,72.242226,68.979485,0.711383
test/76.jpg,0.068460,0.637402,0.214949,61.291508,72.516197,70.820206,70.850754,78.584137,68.816399,0.822480
test/101.jpg,0.042875,0.638471,0.279871,66.756058,67.417923,73.993683,67.687584,79.640984,67.508293,0.715680
test/175.jpg,-0.097346,0.505954,0.579099,89.463799,76.706093,92.941231,77.272926,94.192177,77.693649,0.511525
test/212.jpg,-0.022371,0.441705,0.508730,59.234070,74.907234,69.456345,76.474655,77.468391,77.065201,0.746446
test/64.jpg,0.168287,0.653495,0.103011,71.759171,54.013214,82.706314,55.620964,92.806541,55.388947,0.669938
test/440.jpg,-0.012855,0.317201,0.664605,74.153229,80.303955,77.344299,80.526375,79.044777,80.221451,0.468303
test/340.jpg,0.064666,0.714441,0.224912,79.916939,59.865227,92.736046,62.589764,102.918953,64.171349,0.703027
test/336.jpg,0.072806,0.490668,0.391381,44.897163,88.411545,65.270897,89.938545,83.418541,88.779411,0.845136
test/92.jpg,-0.030951,0.602055,0.372186,87.015274,47.042316,89.149124,47.415741,89.949783,47.337593,0.363636
test/307.jpg,-0.061594,0.486632,0.572426,93.258492,75.498131,101.438637,74.839294,107.208359,73.089920,0.631064
test/42.jpg,-0.003014,0.589187,0.404600,53.569759,68.243050,72.215096,67.488579,88.043472,65.469292,0.912408
test/81.jpg,-0.031676,0.580423,0.489043,104.810226,73.249245,111.732101,74.117500,116.840469,73.469521,0.667764
test/40.jpg,-0.148754,0.408734,0.866069,80.114838,64.825951,82.916100,62.066906,83.970009,61.972874,0.343626
test/185.jpg,0.046552,0.504373,0.494589,51.941383,45.718296,60.874889,46.324749,68.529762,45.872692,0.795248
test/25.jpg,0.133785,0.662191,0.177734,78.309174,75.783096,83.506073,75.455078,87.087196,75.100723,0.621423
test/190.jpg,-0.154769,0.503119,0.533161,22.758987,66.618217,28.930357,68.093498,34.094597,69.190323,0.902401
test/427.jpg,-0.251197,0.768199,0.293876,39.066284,107.189568,45.248516,107.844696,51.672543,107.528923,0.762721
test/99.jpg,0.045457,0.646166,0.270038,67.304070,65.811760,73.722313,66.026627,78.665398,66.125084,0.684945
test/35.jpg,0.058340,0.692974,0.318517,73.862411,61.070534,94.028160,62.571354,111.676353,61.729084,0.784948
test/173.jpg,0.020471,0.656390,0.290637,68.694641,65.928574,75.046402,65.768456,79.913361,65.297234,0.729728
test/217.jpg,0.206165,0.627106,0.255724,56.412994,40.024693,81.060898,45.998173,103.538414,49.858585,0.856574
test/351.jpg,0.134413,0.523957,0.315101,72.285706,84.747978,77.682961,84.962563,81.671463,84.490921,0.631096
test/383.jpg,0.140135,0.577538,0.242109,61.122543,64.193619,65.327438,65.552391,69.030510,65.852425,0.617678
test/269.jpg,0.094151,0.695663,0.186009,78.515182,66.742393,84.913383,67.500656,89.685715,68.069611,0.634666
test/496.jpg,-0.003879,0.522785,0.386571,57.993153,70.302681,62.702316,70.315948,65.953941,70.234917,0.635591
test/130.jpg,0.120212,0.679223,0.162247,68.352974,69.909645,81.213264,70.034370,91.805084,69.365616,0.831579
test/364.jpg,-0.035350,0.691872,0.309599,86.872055,66.985474,94.343941,66.976707,99.272346,66.747719,0.603536
test/96.jpg,0.012017,0.538384,0.424373,69.252304,72.659096,73.359497,75.255432,76.422028,77.442909,0.604460
test/284.jpg,-0.042658,0.449429,0.606878,66.831429,73.192886,75.756485,76.919403,82.975998,78.275757,0.597316
test/431.jpg,0.196426,0.724245,-0.013449,52.011177,85.015121,67.076393,86.877136,80.965775,86.561852,0.966513
test/394.jpg,0.070319,0.419734,0.504944,66.845589,80.449448,85.835632,81.622147,102.539223,80.173203,0.825086
test/306.jpg,-0.057870,0.548375,0.467981,67.429840,55.819305,72.921303,55.106049,77.250443,54.399990,0.633026
test/176.jpg,0.197138,0.518898,0.187038,28.364145,53.102936,40.709862,55.922573,52.841106,56.744793,0.841638
test/376.jpg,-0.090548,0.402065,0.676090,54.095505,81.168060,58.445553,81.620766,61.260509,81.753044,0.595865
test/187.jpg,0.084226,0.624846,0.222176,67.633240,62.367096,77.718651,61.473373,85.965530,60.003220,0.844371
test/195.jpg,-0.030068,0.466326,0.531349,63.277493,71.193985,73.347702,70.736794,81.330650,69.499443,0.774312
test/73.jpg,0.055098,0.456511,0.461955,61.949577,68.503471,68.792007,68.969849,74.763115,68.633614,0.768157
test/330.jpg,0.222446,0.580583,0.178380,75.899925,107.459297,89.890221,110.131393,102.967545,109.293701,0.718178
test/39.jpg,0.085615,0.333187,0.499559,63.750328,91.209175,74.019104,89.600922,82.687813,86.049202,0.694826
test/129.jpg,-0.094626,0.595330,0.579263,79.963951,60.250549,93.285904,60.368469,104.046265,59.088951,0.787129
test/445.jpg,0.042497,0.447146,0.452098,55.779308,76.890732,60.781311,77.704758,64.618118,77.356438,0.671548
test/413.jpg,-0.037558,0.435604,0.525669,52.723148,58.896545,64.149879,57.475883,74.286346,55.593903,0.806901
test/367.jpg,0.151244,0.651801,0.124818,55.916977,88.829681,64.501869,89.566498,72.403992,88.750153,0.821129
test/59.jpg,0.092132,0.577133,0.311686,66.825340,72.863533,77.814980,74.638428,86.823044,74.787270,0.746741
test/128.jpg,0.125182,0.593938,0.311280,80.188797,85.528748,91.806633,87.362373,101.765846,86.755051,0.689625
test/264.jpg,-0.033902,0.368627,0.643321,64.145836,69.111504,71.051109,68.693054,75.873314,67.836098,0.684315
test/385.jpg,-0.051268,0.573081,0.419589,62.790394,62.729992,69.680275,61.806419,74.849632,60.701588,0.722803
test/79.jpg,0.026055,0.586131,0.282295,35.737942,83.760368,63.332230,77.421883,88.077515,72.011032,0.908277
test/469.jpg,-0.071851,0.600392,0.397882,46.731133,65.717995,51.262196,65.868462,54.620640,65.877846,0.749911
test/408.jpg,-0.095156,0.540964,0.503496,55.856766,66.059906,62.263638,66.421921,67.133171,66.605545,0.786170
test/499.jpg,0.037932,0.436393,0.530708,85.245163,90.444687,92.931541,91.430244,98.530487,90.070442,0.514830
test/355.jpg,0.195344,0.327287,0.435309,55.313080,80.658913,73.841965,83.990921,91.321030,82.456284,0.734198
test/144.jpg,0.095515,0.582585,0.289083,71.324722,73.947174,76.264954,74.539528,79.878502,74.819099,0.568263
test/145.jpg,0.079245,0.661133,0.245916,80.890953,71.151619,83.175301,72.162987,84.193558,73.141403,0.520648
test/345.jpg,0.075802,0.583651,0.250456,60.000862,77.450226,64.378105,78.228523,67.714249,78.604134,0.646523
test/368.jpg,-0.045340,0.599317,0.291400,48.393768,65.032402,58.502705,68.384766,67.923882,69.848511,0.850368
test/449.jpg,-0.192421,0.537102,0.454351,17.307358,80.155518,28.894011,79.428352,40.222042,78.608810,1.005425
test/204.jpg,0.035442,0.534761,0.412948,67.494087,74.564926,74.502831,74.925865,79.800018,74.639633,0.716276
test/256.jpg,-0.060048,0.405035,0.643751,62.681915,82.789154,67.633461,83.445053,70.227318,83.149971,0.558476
test/197.jpg,0.212473,0.456870,0.268618,72.630630,102.493774,81.756508,102.582207,89.934029,100.329750,0.700470
test/420.jpg,0.056567,0.641974,0.242649,76.730835,74.165169,82.296463,73.886879,86.214012,73.499298,0.621576
test/156.jpg,0.011458,0.605036,0.358641,58.073105,91.307251,65.000290,91.982048,71.061966,90.925949,0.761144
test/86.jpg,0.055441,0.580007,0.315135,70.329674,73.938164,73.403664,74.217636,75.267639,74.528107,0.547437
test/409.jpg,-0.048395,0.482510,0.546657,74.378494,65.700340,79.812408,65.016968,83.468826,63.949677,0.621590
test/434.jpg,0.055009,0.654778,0.218342,66.312340,77.590164,82.691963,79.538071,96.947418,79.610130,0.889490
test/298.jpg,-0.086802,0.527439,0.558782,74.946770,56.116890,78.108902,56.452446,79.681534,56.553467,0.580928
test/334.jpg,0.060698,0.489430,0.383383,56.745342,84.909988,61.581814,86.192688,65.629272,86.758980,0.651696
test/384.jpg,-0.008388,0.681414,0.293645,82.549767,71.175751,89.299126,70.395920,93.546204,69.731239,0.595578
test/485.jpg,0.069561,0.309687,0.644765,78.199089,94.251694,88.329025,94.159096,96.215530,90.949280,0.533422
test/481.jpg,0.005583,0.549766,0.404792,49.072662,44.825745,54.001144,44.478409,58.655708,43.927898,0.806542
test/198.jpg,-0.120214,0.453425,0.663538,58.125553,60.911106,60.827034,59.844513,62.032101,61.017284,0.455708
test/280.jpg,0.276710,0.493135,0.267955,27.830179,49.891521,65.820572,51.260715,102.298180,50.472519,0.855866
test/451.jpg,-0.014250,0.617997,0.385402,82.998962,72.464745,86.892906,73.722549,89.069237,74.852409,0.522796
test/218.jpg,0.161113,0.539106,0.304920,62.878620,88.941414,79.657661,89.493973,94.411583,87.713654,0.898145
test/44.jpg,0.041817,0.448564,0.378562,58.921089,98.095619,62.284760,98.981987,65.218536,99.401291,0.571644
test/66.jpg,0.067239,0.642700,0.235343,77.048538,62.917316,82.346581,63.366985,86.126968,63.801838,0.579882
test/436.jpg,-0.017220,0.506896,0.501972,65.097527,47.391239,72.774277,47.286007,79.515129,46.567841,0.772190
test/62.jpg,-0.005580,0.477310,0.576336,61.400589,37.295181,70.870323,37.032818,78.522430,36.456005,0.814972
test/511.jpg,-0.047878,0.642966,0.397040,91.943657,78.021431,97.146080,78.777588,99.860855,79.449013,0.531237
test/45.jpg,0.149413,0.680493,0.112568,63.185574,83.096161,67.699699,83.416237,71.483429,83.023590,0.629504
test/417.jpg,0.100185,0.533236,0.360316,75.839035,80.412033,86.361610,82.598869,95.289116,81.804840,0.703246
test/78.jpg,-0.150428,0.583456,0.500458,76.257278,61.301147,80.332977,60.531616,82.144943,59.736946,0.514283
test/494.jpg,0.022754,0.400637,0.688480,82.917236,65.767952,90.794495,65.039986,96.816833,63.120674,0.745266
test/433.jpg,-0.009668,0.489201,0.447129,55.134674,97.225922,60.668751,96.534164,65.596123,95.326775,0.635698
test/360.jpg,0.132638,0.575698,0.234690,68.777618,103.136154,75.648605,103.645363,81.822586,102.683563,0.678701
test/448.jpg,-0.035275,0.570463,0.390640,45.723175,69.703773,61.650108,66.832977,75.774437,64.057587,0.973475
test/181.jpg,-0.037385,0.544931,0.401720,54.697094,75.282166,60.408291,75.297073,64.743706,74.878517,0.752275
test/349.jpg,0.081379,0.550177,0.324828,68.263039,64.460670,72.314087,63.637100,74.833305,62.865799,0.617250
test/9.jpg,-0.123674,0.626267,0.353630,42.409245,99.461288,52.125885,99.093384,60.963310,98.434547,0.746252
test/461.jpg,-0.131722,0.493968,0.628528,60.222389,90.707443,65.512337,91.496407,68.873726,91.365997,0.537382
test/502.jpg,-0.096064,0.385864,0.712959,80.603134,53.254654,83.180573,52.041420,83.621971,52.600685,0.462596
test/134.jpg,-0.060408,0.653063,0.467825,45.932808,58.778221,50.140903,59.163513,53.091785,60.471920,0.629398
test/323.jpg,0.130096,0.588824,0.273477,67.650719,84.914154,80.490494,87.933960,92.124893,87.607262,0.763840
test/30.jpg,-0.003876,0.357502,0.744085,69.202576,62.203556,77.599884,61.911110,83.448578,61.329678,0.570959
test/199.jpg,-0.006142,0.538733,0.374971,57.599174,73.971008,64.561852,73.273155,69.872467,72.207520,0.719948
test/93.jpg,0.122425,0.551917,0.287817,68.232338,47.119877,71.246727,47.982681,73.591621,48.901463,0.533768
test/100.jpg,0.112757,0.548456,0.363314,86.564415,86.570778,96.881470,85.885147,105.175560,82.303177,0.613891
test/489.jpg,0.006638,0.642342,0.251970,53.634590,69.098892,61.321888,68.223068,67.791527,67.061836,0.850285
test/127.jpg,0.055138,0.718548,0.200091,71.710899,58.393055,83.437096,59.500443,92.811424,59.898495,0.757602
test/465.jpg,0.017215,0.715137,0.257814,84.323349,73.552505,89.988548,74.848732,93.680603,75.941986,0.543671
test/5.jpg,-0.005680,0.741685,0.218842,56.393646,64.801300,63.185150,64.845169,68.872841,64.115417,0.827945
test/388.jpg,-0.051161,0.583522,0.421745,81.670502,51.585133,87.022011,52.474216,91.005844,52.855164,0.533198
test/214.jpg,-0.023598,0.467164,0.506014,45.883205,89.291222,60.411003,88.066689,73.042595,85.431496,0.869044
test/106.jpg,0.075442,0.498594,0.316071,56.639381,94.742157,62.076317,94.880653,66.794838,94.050262,0.645303
test/261.jpg,0.098679,0.620343,0.246075,63.932358,52.799652,71.324127,54.476555,77.536957,55.305687,0.654841
test/248.jpg,-0.009785,0.355553,0.574032,73.065773,68.357475,79.679008,68.295105,84.392685,67.312126,0.569207
test/21.jpg,0.248170,0.746169,-0.025757,70.044594,92.807549,74.005119,91.331207,77.889740,88.718681,0.565879
test/242.jpg,0.013466,0.573530,0.405741,59.708073,62.315277,71.881813,62.828953,82.993729,61.749702,0.849242
test/50.jpg,-0.109638,0.496007,0.586494,63.091515,58.919556,67.373184,57.438053,69.645660,56.634392,0.560414
test/412.jpg,-0.009089,0.612910,0.307169,52.166954,59.410614,62.501606,59.760223,71.349281,59.829975,0.840526
test/438.jpg,0.072663,0.799232,0.158108,75.959587,60.871380,82.126465,63.139450,86.900566,65.466408,0.634636
test/210.jpg,-0.077390,0.470226,0.532891,57.964130,65.978859,61.973347,66.290062,64.276329,66.688660,0.581148
test/452.jpg,0.011951,0.569442,0.370714,62.013779,51.660728,64.825920,51.400074,66.831772,51.255093,0.630368
test/13.jpg,-0.043835,0.527639,0.490623,76.747665,67.030869,79.434486,66.847374,80.761810,66.691048,0.510737
test/437.jpg,0.056133,0.353898,0.437816,62.603970,91.496170,70.391243,91.179108,77.387146,89.281311,0.715614
test/281.jpg,-0.047421,0.499133,0.446104,53.376404,63.316063,62.104298,62.012249,69.507866,60.063046,0.722747
test/435.jpg,0.074633,0.597506,0.314693,63.362518,68.382812,75.139915,70.145424,84.803108,70.475822,0.828025
test/104.jpg,0.027892,0.703507,0.276914,53.499050,59.477032,57.204063,59.750431,60.069595,59.295456,0.677765
test/268.jpg,0.046283,0.493165,0.418391,39.618752,45.699463,50.070324,44.864120,59.959015,43.697197,0.958017
test/169.jpg,0.226022,0.646996,0.105382,74.801208,89.240967,80.366867,89.125626,84.794647,88.283249,0.598412
test/80.jpg,0.043253,0.565330,0.382239,41.099480,74.103394,55.699245,78.717300,68.845840,80.704590,0.896717
test/439.jpg,0.080882,0.558847,0.308201,62.758175,88.153816,67.017784,88.156830,70.423195,87.654228,0.623878
test/341.jpg,-0.082215,0.518762,0.485842,57.350475,53.266716,68.216934,52.427647,77.304382,51.229431,0.869295
test/263.jpg,-0.028937,0.476603,0.491423,57.239677,64.739067,65.818153,65.594269,72.949821,65.507599,0.721181
test/69.jpg,0.126943,0.546296,0.270230,72.480400,78.820595,78.174149,78.790253,82.361206,78.243202,0.606951
test/255.jpg,-0.042522,0.500898,0.511210,76.833710,61.508461,79.842514,62.626358,80.896088,63.641907,0.469258
test/244.jpg,-0.024980,0.392920,0.544207,61.925606,76.126221,68.713615,75.473831,73.608330,74.079834,0.637974
test/278.jpg,0.130566,0.562159,0.241925,61.562145,88.414452,65.845169,89.899208,69.722870,90.189735,0.632708
test/166.jpg,0.129779,0.477586,0.338444,47.957973,72.220322,62.824490,76.171219,76.495705,77.088722,0.783688
test/202.jpg,0.017900,0.586223,0.419050,88.459755,86.689034,95.917244,88.057854,101.237122,87.735489,0.555418
test/143.jpg,-0.129803,0.672160,0.282727,38.750996,70.309235,49.747883,72.136971,59.609436,72.904800,0.866976
test/301.jpg,-0.008178,0.693143,0.271776,84.703484,73.259438,88.890465,72.624161,90.845039,72.150215,0.506941
test/148.jpg,0.058732,0.660404,0.240083,71.112083,69.851768,76.218948,70.674057,79.989647,71.682869,0.589900
test/320.jpg,0.085717,0.575932,0.324108,69.982857,77.461914,81.683800,78.297890,91.347641,78.391212,0.845660
test/282.jpg,-0.145727,0.569800,0.416777,40.863758,88.663658,47.781334,89.875824,54.075668,90.038490,0.757522
test/470.jpg,-0.015134,0.609200,0.354366,45.346825,51.335316,52.094406,51.668465,58.173759,51.256874,0.868325
test/28.jpg,0.115815,0.620638,0.221475,76.348221,78.322609,82.374039,78.349045,86.526207,78.318138,0.588011
test/342.jpg,0.110975,0.657323,0.184642,70.952690,67.870155,76.372612,67.643547,80.224121,66.983887,0.653261
test/258.jpg,-0.069050,0.501885,0.453872,41.191544,70.906197,46.766720,71.764618,51.451641,71.999176,0.831154
test/251.jpg,-0.027187,0.627112,0.396908,66.920540,60.958534,74.142982,62.352833,80.050316,63.118923,0.795979
test/123.jpg,0.064385,0.609460,0.259397,53.873470,88.723831,64.076149,89.131035,73.261391,88.082863,0.859698
test/161.jpg,-0.052594,0.403433,0.504945,36.999672,59.076355,41.120720,58.728256,44.388542,58.179394,0.802735
test/309.jpg,0.125532,0.525721,0.346675,73.857811,88.089714,81.738678,88.438210,88.319519,87.295494,0.692821
test/419.jpg,0.111191,0.516180,0.304368,65.760666,79.789688,79.573143,78.608635,91.006226,76.382866,0.895937
test/205.jpg,-0.118918,0.443282,0.715045,76.425819,57.378426,81.338936,56.015945,83.857246,54.855537,0.575512
test/313.jpg,-0.036242,0.525286,0.501454,45.922348,44.989674,53.304539,45.102997,59.846619,45.326488,0.869729
test/464.jpg,0.087470,0.752550,0.142555,72.442032,53.870361,80.926804,53.353371,87.900444,52.593578,0.549833
test/271.jpg,0.142332,0.664717,0.089510,52.705254,55.754391,59.475510,55.881924,66.046936,54.733673,0.770062
test/8.jpg,0.104027,0.510958,0.451005,62.476856,38.234776,67.092453,38.833710,70.132927,39.671246,0.557577
test/294.jpg,0.028258,0.577055,0.328666,70.407845,68.565224,78.045792,67.830956,83.803406,66.486221,0.692776
test/304.jpg,0.327010,0.676794,0.022062,56.484138,40.364613,76.213379,42.611790,95.513664,42.919575,0.820633
test/265.jpg,0.049416,0.440173,0.454201,62.147316,71.897446,74.112839,72.710129,84.703354,71.989975,0.680852
test/457.jpg,0.165440,0.618028,0.126634,44.335529,58.938816,53.554840,58.070560,62.311714,56.354328,0.793202
test/3.jpg,-0.074827,0.640958,0.441618,85.686783,59.572453,91.113029,60.222050,94.438309,60.201511,0.556040
test/95.jpg,-0.081173,0.516122,0.552799,76.087059,53.002186,85.200958,53.758186,91.907471,53.925026,0.574303
test/432.jpg,-0.001209,0.399801,0.562876,29.116831,64.364937,42.864010,63.132523,55.278835,62.194839,0.969903
test/238.jpg,-0.000065,0.631317,0.327739,88.462158,75.332184,91.452194,75.445755,92.546295,75.899506,0.449562
test/467.jpg,0.072147,0.609209,0.332280,55.629414,41.545738,64.404190,42.171513,72.690056,41.426277,0.868972
test/85.jpg,0.058803,0.611191,0.275129,47.382366,62.350082,59.359093,62.319668,70.094879,61.500237,0.935094
test/164.jpg,-0.014733,0.514898,0.457312,42.655769,62.479534,62.654087,61.201298,80.367546,59.361252,0.934523
test/338.jpg,-0.059656,0.681230,0.205612,50.230000,101.175224,55.147640,102.367302,60.189526,102.524574,0.695419
test/110.jpg,0.197972,0.437985,0.361769,72.822861,99.553818,83.499939,98.716141,92.347549,94.976311,0.645604
test/372.jpg,-0.004323,0.317716,0.680317,71.910583,78.626358,75.634163,79.112709,77.657951,78.631538,0.458866
test/365.jpg,-0.030873,0.636724,0.384954,71.735985,59.536636,77.136757,60.347595,81.198029,60.914948,0.655619
test/363.jpg,-0.101155,0.557936,0.551049,65.114273,60.224220,71.913155,60.242718,76.995483,60.112766,0.769729
test/141.jpg,-0.148619,0.460258,0.716159,66.229813,54.571312,69.321892,52.582645,70.357910,53.214901,0.380234
test/450.jpg,-0.106866,0.694062,0.403493,101.878799,62.211788,105.389648,62.543842,106.442268,62.918358,0.450223
test/23.jpg,0.038347,0.465832,0.437704,70.070511,75.958603,76.194153,75.523102,80.664612,74.899399,0.684663
test/170.jpg,0.100672,0.549260,0.364779,65.744644,45.683540,72.153793,46.561958,77.843254,46.817909,0.765295
test/395.jpg,0.162923,0.514810,0.274111,78.483414,100.613503,85.054741,101.152374,90.736259,100.249985,0.624842
test/200.jpg,0.033611,0.660830,0.175662,31.190420,96.261497,55.156319,101.223076,78.448586,101.200333,0.837479
test/250.jpg,-0.087674,0.356594,0.786790,65.516632,44.941536,79.870972,42.839100,91.763611,41.047840,0.748127
test/48.jpg,0.054735,0.650578,0.205328,55.837803,79.263947,62.745831,78.838264,68.376373,77.873993,0.771375
test/56.jpg,0.114070,0.574305,0.274820,67.453476,80.063416,75.050079,82.491447,81.110886,83.931732,0.710159
test/507.jpg,-0.083104,0.528972,0.564189,100.074791,83.316788,104.890732,84.281555,107.533493,84.429138,0.531383
test/239.jpg,0.160253,0.536386,0.303605,67.668633,86.507256,81.512222,86.634880,93.234261,83.974655,0.830223
test/225.jpg,0.013407,0.586894,0.424432,87.967636,76.884888,100.554420,76.438766,110.257545,75.195213,0.673123
test/7.jpg,-0.041296,0.495849,0.606668,61.250263,45.442055,66.564186,44.850861,70.338646,45.333797,0.671317
test/405.jpg,0.066836,0.613910,0.310199,78.079590,76.882072,85.473526,76.694466,90.973450,75.915642,0.627255
test/24.jpg,-0.062002,0.559003,0.470885,46.952831,46.147121,53.506516,44.896599,59.278339,43.837627,0.849980
test/357.jpg,0.089520,0.551201,0.290547,58.564774,88.966599,69.362144,91.750145,79.463142,92.005806,0.811625
test/377.jpg,0.093585,0.554492,0.251429,51.893318,50.802513,56.735332,51.364838,61.358566,51.546238,0.699673
test/302.jpg,-0.074013,0.377667,0.500701,48.572231,91.191360,58.522606,91.211250,67.576714,89.937927,0.834677
test/404.jpg,-0.045576,0.481002,0.498204,66.644630,58.752995,76.969337,56.891273,85.397530,55.056152,0.679035
test/415.jpg,0.023618,0.749093,0.146670,52.998302,70.499054,57.316959,69.653755,60.976658,68.633286,0.630975
test/234.jpg,-0.092292,0.587413,0.470697,85.175476,53.621117,90.241463,54.111103,93.588898,53.893749,0.495881
test/455.jpg,0.193656,0.781047,0.051628,72.237381,78.800415,88.634117,84.495499,104.869286,85.727943,0.817197
test/124.jpg,0.016456,0.363539,0.602134,72.127235,91.454124,75.646149,91.193283,77.716682,90.394753,0.480447
test/317.jpg,-0.028738,0.333074,0.641852,53.731243,78.859062,58.329693,79.574814,61.445690,79.648720,0.628851
test/483.jpg,0.161358,0.535657,0.287958,78.883392,86.756767,89.619499,87.622292,98.321312,86.882645,0.660359
test/203.jpg,-0.085828,0.436603,0.627999,86.164795,69.649384,89.081787,68.972839,90.100899,67.887642,0.499823
test/111.jpg,0.066665,0.470266,0.411627,61.649998,80.635338,78.559166,81.787750,93.106201,81.089706,0.822592
test/473.jpg,-0.105948,0.621224,0.356337,28.923819,104.965965,51.212154,109.114075,72.556030,109.499550,0.730954
test/119.jpg,0.081990,0.696158,0.143672,60.045349,76.529457,65.313583,76.574547,69.303940,76.113495,0.664515
test/162.jpg,-0.225421,0.468475,0.751482,61.300045,80.068314,63.615940,80.683510,63.806042,81.818947,0.384937
test/22.jpg,0.191954,0.326592,0.360289,22.033373,43.408085,37.707687,46.555252,52.544933,47.114204,0.930262
test/354.jpg,0.030908,0.635337,0.341476,59.812035,47.835644,78.967819,51.460423,95.216438,54.116970,0.807775
test/390.jpg,0.041756,0.527333,0.333954,54.147709,84.630463,66.173195,83.259087,76.291412,80.547745,0.850459
test/115.jpg,-0.055936,0.660197,0.375916,90.310158,67.753098,97.973740,67.879120,103.213608,67.529526,0.625657
test/112.jpg,0.013470,0.466832,0.504589,71.385612,76.487991,72.831108,77.444977,72.850792,78.470894,0.418628
test/55.jpg,-0.040502,0.389938,0.724375,83.123711,72.592148,87.209770,71.969742,88.368835,71.244705,0.497114
test/36.jpg,0.011424,0.701207,0.293535,86.115700,56.125160,89.101364,57.286335,90.950783,58.021435,0.405840
test/52.jpg,0.142072,0.501841,0.292234,72.916122,103.846352,78.872398,103.493965,84.040634,101.868675,0.630889
test/211.jpg,0.019481,0.581462,0.358666,65.197311,69.955887,73.007767,71.008286,79.127228,71.453934,0.736346
test/201.jpg,0.109186,0.629177,0.143378,39.696968,76.693413,53.861546,80.859657,67.164238,83.132965,0.871658
test/347.jpg,0.131619,0.577627,0.216534,58.898216,36.785820,65.813591,38.349030,70.935570,39.324585,0.566506
test/120.jpg,-0.007844,0.527789,0.437548,64.616966,71.959190,73.970703,70.899986,81.497894,69.324966,0.772181
test/233.jpg,-0.021370,0.706304,0.369557,92.217644,41.538292,103.638214,44.472015,113.056885,47.652969,0.662029
test/316.jpg,0.072512,0.630691,0.272843,68.395729,49.904373,84.971329,50.500092,99.283646,49.683971,0.648076
test/343.jpg,-0.045431,0.482189,0.588226,69.885773,44.368099,76.558495,43.455025,81.740181,42.572075,0.698450
test/501.jpg,0.023572,0.647532,0.199126,42.280598,75.817627,53.156200,74.375488,63.011314,72.205315,0.920637
test/350.jpg,0.102118,0.580498,0.336776,62.483414,37.794880,69.410522,37.585922,75.287453,37.052570,0.809191
test/135.jpg,-0.026393,0.524348,0.428687,40.333900,59.159912,57.934803,58.633614,73.872826,57.022243,0.989386
test/67.jpg,0.221732,0.496392,0.265872,48.940239,41.051914,58.083675,40.710209,66.961868,39.250320,0.805150
test/491.jpg,0.072769,0.542265,0.351689,72.092278,73.197037,75.253235,74.278572,76.876587,75.049698,0.523082
test/188.jpg,-0.084050,0.466481,0.642978,107.578949,57.705601,112.650398,59.461514,115.311241,60.493874,0.593224
test/138.jpg,-0.096299,0.424028,0.560075,37.098206,77.775101,53.685551,81.180161,67.137283,83.728355,0.863714
test/133.jpg,0.035875,0.565159,0.294324,56.014320,67.018227,59.868317,67.276138,63.479164,66.830605,0.672072
test/6.jpg,0.058937,0.646338,0.231597,62.320213,58.978760,69.541267,59.656010,75.491920,59.550426,0.730256
test/114.jpg,-0.016372,0.288029,0.679874,50.603184,80.044022,60.122932,80.461182,67.706627,80.303650,0.704207
test/17.jpg,-0.007838,0.552828,0.432374,68.812859,61.662750,80.746979,61.710285,90.457840,61.112511,0.751848
test/348.jpg,-0.016924,0.632320,0.317413,55.089111,73.340446,60.357658,73.584877,64.296112,73.495644,0.722889
test/54.jpg,-0.024355,0.625057,0.506015,62.680637,29.810146,69.080490,31.161715,73.806534,32.081230,0.757391
test/508.jpg,0.012251,0.464439,0.491633,80.725121,89.021225,92.556335,87.987045,102.108734,85.132469,0.742530
test/509.jpg,0.068761,0.586160,0.225401,58.188652,103.895538,63.935596,103.096313,69.225914,101.423195,0.644762
test/171.jpg,-0.102574,0.597789,0.539184,84.883705,32.603729,86.271851,33.159538,85.255989,34.553284,0.348285
test/276.jpg,0.022945,0.610506,0.360444,67.935822,54.910080,70.932823,55.996777,73.011848,57.037067,0.561184
test/441.jpg,0.116689,0.659989,0.228392,62.587349,71.903481,84.115486,71.094543,102.467278,68.302887,0.904003
test/222.jpg,-0.045807,0.741616,0.280751,93.088074,73.905022,96.332230,74.377884,97.186150,75.003487,0.409572
test/324.jpg,0.087304,0.520287,0.406837,72.852127,45.993214,76.215820,47.823612,78.101662,49.563061,0.459231
test/504.jpg,-0.065249,0.561827,0.462369,67.575920,61.607418,70.299492,61.631401,71.636108,61.877445,0.539651
test/482.jpg,0.134336,0.575495,0.226817,73.213120,52.496441,77.904297,52.507225,81.666725,52.119732,0.576483
test/11.jpg,-0.027076,0.564659,0.445651,75.998367,50.161537,81.422470,49.137123,85.666191,47.977093,0.586624
test/14.jpg,0.089453,0.606642,0.231361,62.964092,53.497890,69.121826,53.912067,74.378250,53.948616,0.749772
test/378.jpg,0.033677,0.689846,0.247913,86.470833,81.592705,89.470276,83.061951,90.757439,84.697456,0.429143
test/337.jpg,0.028814,0.541488,0.435395,46.537022,44.527901,55.164776,47.228481,62.437019,48.634964,0.832240
test/471.jpg,0.106822,0.563038,0.222415,45.391525,57.739056,59.112240,58.023464,71.401253,57.154819,0.871723
test/359.jpg,-0.058985,0.484666,0.556217,88.636986,77.268753,96.855743,77.305000,102.619804,76.247795,0.596340
test/387.jpg,0.177238,0.595401,0.200427,74.662880,86.776428,79.557518,86.693100,83.508469,86.165665,0.636791
test/191.jpg,0.027178,0.509926,0.385510,65.938889,41.274303,70.785454,41.088619,74.541801,40.749779,0.648890
test/126.jpg,-0.068169,0.615452,0.403263,84.015015,54.818539,90.280533,55.602287,94.577560,55.901920,0.558163
test/207.jpg,-0.058815,0.588698,0.414463,63.826820,58.239735,76.348763,58.374783,86.882904,57.729816,0.835171
test/397.jpg,0.180378,0.475932,0.283682,59.706356,99.491562,74.202469,102.487572,87.335281,102.305870,0.815807
test/121.jpg,-0.030173,0.617108,0.396066,76.306160,72.344261,81.413086,72.897331,85.017738,73.301651,0.611559
test/369.jpg,0.004943,0.464642,0.510632,70.308548,68.020462,75.530617,68.242737,78.836510,68.507858,0.599277
test/362.jpg,0.049222,0.580337,0.354935,72.337982,73.879440,87.238029,72.504013,99.476303,70.640350,0.819801
test/102.jpg,-0.045889,0.611467,0.424111,76.700249,59.633545,83.953789,59.998219,89.581688,59.791607,0.661244
test/122.jpg,0.026282,0.473550,0.449232,79.929680,79.531174,84.293823,80.075203,86.849319,80.297447,0.504842
test/459.jpg,0.243133,0.641300,-0.036907,40.580959,50.186535,52.505329,50.209576,64.393700,50.169701,0.891412
test/136.jpg,0.034300,0.657216,0.231871,55.287647,61.438000,63.685501,60.370739,71.129944,58.479897,0.823472
test/406.jpg,-0.074867,0.666441,0.222360,47.823277,111.354790,64.723297,112.808136,81.137573,110.027145,0.950416
test/153.jpg,0.023159,0.714699,0.254265,83.556458,64.428703,91.422447,64.864426,97.896881,64.933907,0.670210
test/60.jpg,0.159974,0.586267,0.169717,65.010452,79.865265,71.332108,78.274055,76.449066,75.953682,0.741659
test/453.jpg,0.252678,0.532114,0.122144,29.252729,71.490921,56.254284,76.995720,82.286568,78.466927,0.865733
test/393.jpg,0.065570,0.384679,0.486385,57.144836,86.840874,72.337524,88.512291,85.448051,86.924080,0.691820
test/74.jpg,-0.038214,0.260479,0.818295,75.562561,74.239456,78.900917,72.422394,80.208908,70.822685,0.482051
test/478.jpg,-0.064025,0.629091,0.476144,77.069855,61.229370,82.814972,61.547379,86.807350,61.617764,0.664067
test/272.jpg,0.168146,0.526347,0.287101,74.221275,101.665482,80.893875,103.094238,86.315483,103.513107,0.608771
test/430.jpg,-0.005637,0.527397,0.493679,77.448692,75.308968,85.264694,75.866524,90.909370,75.405792,0.625709
test/142.jpg,0.014023,0.680112,0.270546,77.088547,65.118538,88.505806,66.345512,97.705551,66.513275,0.733514
test/29.jpg,-0.046028,0.666262,0.282595,51.534832,72.981941,62.422108,69.590454,71.993584,65.621887,0.873201
test/63.jpg,-0.069473,0.405641,0.635913,41.754517,48.707703,51.569347,48.838161,59.852959,49.308105,0.799417
test/358.jpg,0.161546,0.727041,0.128041,41.243336,60.595798,72.200340,70.303169,100.976059,75.786186,0.886011
test/286.jpg,0.065601,0.566792,0.293977,59.539608,83.714691,71.283867,81.928368,81.328506,78.650566,0.895186
test/468.jpg,0.071533,0.667029,0.251243,71.486595,67.683853,75.671249,67.718246,78.367973,67.823540,0.624496
test/221.jpg,-0.193586,0.559547,0.735939,77.916634,73.233185,81.207603,72.410721,82.094009,72.921730,0.388184
test/277.jpg,0.164938,0.482881,0.278921,32.632664,82.881439,51.031269,87.636902,68.715050,89.152176,0.765642
test/77.jpg,0.083999,0.681201,0.202540,81.110947,66.983505,85.015038,67.467155,87.415192,68.040054,0.492446
test/237.jpg,-0.082175,0.465728,0.541365,47.482391,85.832405,54.526211,85.735794,60.418667,84.672951,0.802749
test/158.jpg,-0.011487,0.449626,0.463686,50.645473,62.120750,57.961296,62.464931,64.191422,62.146488,0.734376
test/32.jpg,-0.004902,0.601267,0.337335,59.932076,64.183357,73.303314,65.309479,84.282791,65.341248,0.845504
test/381.jpg,0.007615,0.611337,0.323085,57.765385,83.682663,76.917488,84.323929,94.382339,82.222351,0.820411
test/498.jpg,-0.003921,0.434117,0.633306,61.743423,62.842087,67.111000,63.845364,70.956909,64.071854,0.662839
test/497.jpg,0.103798,0.644342,0.234591,67.301407,50.577938,77.126862,51.295650,85.509293,51.371510,0.711104
test/108.jpg,-0.105359,0.431483,0.653540,82.697807,69.523933,86.932816,68.861237,88.852951,68.096916,0.581788
test/414.jpg,-0.017940,0.572235,0.433907,58.043476,60.954578,73.925316,61.938934,87.398468,61.190487,0.897940
test/396.jpg,0.052316,0.640963,0.279352,81.093872,59.773304,84.593903,61.051929,86.296715,62.360348,0.480680
test/87.jpg,-0.011861,0.582327,0.337591,52.577549,66.852089,63.003330,65.859360,71.696335,64.760223,0.798400
test/289.jpg,-0.006938,0.552146,0.367957,59.607449,63.353378,64.747643,63.757912,68.696030,63.703812,0.688399
test/326.jpg,-0.041959,0.692488,0.296322,60.978455,67.870895,66.128304,67.880829,69.941238,67.850494,0.658386
test/58.jpg,-0.040974,0.508194,0.560526,43.012890,38.203907,44.830063,38.382545,45.674774,39.462132,0.609177
test/179.jpg,0.095355,0.616664,0.317743,58.758667,73.856544,85.973549,79.695030,110.396515,81.971428,0.973009
test/91.jpg,0.074643,0.532634,0.409769,79.464310,81.573143,83.993019,82.386482,86.911682,82.654747,0.575039
test/206.jpg,0.035524,0.499728,0.409620,71.007309,72.330307,79.642059,73.938560,87.083015,74.261963,0.695913
test/293.jpg,-0.022448,0.797836,0.016860,35.646408,97.441254,50.641171,96.064499,65.405037,94.238976,0.932549
test/20.jpg,0.047537,0.446850,0.466546,65.237083,87.449768,75.488304,87.014175,83.745461,85.495483,0.703474
test/182.jpg,0.099915,0.522332,0.303696,67.260979,78.512253,73.420540,78.729019,78.160683,78.403023,0.686500
test/88.jpg,0.106865,0.698332,0.240107,64.224716,65.728310,82.632637,70.870346,98.924103,72.887459,0.842795
test/249.jpg,0.011465,0.534976,0.387652,59.477001,72.641075,65.262299,72.969147,69.498817,72.913315,0.707864
test/224.jpg,-0.044761,0.390977,0.660056,58.797569,33.824047,65.566330,33.459309,70.669151,33.240650,0.761734
test/398.jpg,0.193754,0.550530,0.256431,70.673218,93.892761,80.087173,94.681824,88.082893,93.844978,0.763222
test/2.jpg,0.057095,0.659031,0.294789,78.072411,78.545883,86.123833,80.942459,92.391518,82.312744,0.652624
test/89.jpg,-0.011332,0.578659,0.385763,75.124893,73.309425,83.017998,74.731323,89.386360,75.347816,0.675792
test/331.jpg,0.057241,0.557618,0.309959,74.863998,62.254662,81.603004,63.314423,86.802765,63.899837,0.538164
test/151.jpg,-0.082484,0.486091,0.649565,70.853249,54.409389,78.086945,54.396729,83.642616,54.210880,0.762281
test/41.jpg,0.045120,0.655435,0.223851,57.287300,64.036369,62.922421,64.912895,67.398209,65.677086,0.608667
test/196.jpg,0.116844,0.496725,0.368653,62.097004,80.421761,72.369965,83.170403,81.067551,83.861015,0.777486
test/105.jpg,0.102928,0.476434,0.387964,76.514473,92.447388,80.168991,93.146240,82.952255,93.227707,0.488956
test/321.jpg,-0.015502,0.411566,0.506566,60.102917,93.502640,65.153465,93.164711,68.995300,92.284523,0.572163
test/47.jpg,0.142795,0.601438,0.206171,45.965591,97.466515,70.441208,100.678925,94.137909,98.140556,0.941792
test/458.jpg,0.083425,0.663925,0.228972,82.253555,77.219299,91.943726,76.545570,99.268501,75.972130,0.690775
test/339.jpg,0.067107,0.636581,0.284569,77.135880,68.912491,81.788513,69.230164,84.885880,69.639160,0.588531
test/422.jpg,-0.033903,0.274454,0.749304,43.064514,63.392963,54.989780,63.275585,64.596855,63.338692,0.731981
test/314.jpg,-0.012791,0.619244,0.349970,55.966179,66.033264,62.988281,66.946312,68.690735,67.237206,0.737277
test/475.jpg,0.083253,0.540997,0.351158,73.717552,66.718445,78.033707,66.640816,81.072365,66.474571,0.567261
test/356.jpg,0.026655,0.707067,0.158147,53.797417,69.171745,59.528194,69.270218,64.191536,68.661346,0.741334
test/140.jpg,0.006608,0.535722,0.470701,85.348099,51.673885,91.846794,51.655155,97.186272,50.841175,0.570310
test/65.jpg,0.014083,0.490798,0.422589,55.564594,74.255386,67.206642,75.503197,77.134918,75.288147,0.802930
test/236.jpg,-0.036912,0.367376,0.662790,71.688705,88.396217,76.190361,88.082184,78.879494,86.982216,0.505595
test/460.jpg,0.145632,0.652779,0.149224,49.552933,70.162514,56.042313,72.219597,62.200687,72.531891,0.726078
test/209.jpg,-0.081193,0.594746,0.447953,86.709236,56.488388,93.535011,57.358841,97.795204,57.311581,0.525053
test/192.jpg,0.044746,0.422447,0.498940,60.336452,79.982193,73.850105,80.583824,85.500938,79.327065,0.900225
test/479.jpg,0.038625,0.610278,0.325706,80.606506,53.379532,82.414413,54.868805,83.152992,56.414013,0.364749
test/183.jpg,-0.074974,0.516421,0.569965,76.959679,43.796894,84.194931,43.614464,89.495209,43.060886,0.585494
test/322.jpg,-0.032106,0.439005,0.524833,55.457024,89.033310,57.194534,89.744652,58.232944,89.858749,0.532207
test/37.jpg,0.003599,0.677147,0.264397,83.866249,75.190247,97.361458,77.596817,108.808128,78.102234,0.676520
test/510.jpg,-0.011712,0.436801,0.612334,73.707695,39.704517,77.905701,39.387909,80.557762,39.011562,0.566927
test/61.jpg,0.222749,0.600254,0.166859,70.236824,90.210922,82.676918,89.142136,93.327911,86.151802,0.843346
test/361.jpg,-0.007171,0.327782,0.608254,66.739937,85.933395,69.226860,85.844299,70.277596,85.601082,0.419054
test/386.jpg,0.048347,0.521240,0.365743,63.663567,71.657654,68.636841,71.855995,72.327072,71.725327,0.660914
test/290.jpg,0.016702,0.598670,0.308264,58.129429,74.738052,63.341599,74.892784,67.206268,74.831940,0.652518
test/107.jpg,-0.067365,0.520697,0.598703,73.192123,51.961895,79.123207,51.937927,83.671227,51.757950,0.719109
test/443.jpg,-0.077142,0.625469,0.457851,101.571793,78.951965,109.455544,79.276245,114.774178,79.245331,0.554482
test/131.jpg,-0.028268,0.300758,0.712903,73.763161,79.735298,76.518089,79.178871,77.599197,77.997467,0.455390
test/174.jpg,0.134783,0.639528,0.188734,80.922546,90.461632,90.174171,92.865585,97.957870,93.882622,0.631464
test/12.jpg,0.000829,0.488801,0.431518,58.916901,71.881386,64.588707,71.412834,68.835060,70.661041,0.726297
test/260.jpg,0.142851,0.574583,0.253836,81.324394,92.370956,87.138481,93.085503,91.723892,92.841751,0.537328
test/19.jpg,-0.094935,0.253349,0.854736,80.493477,72.897774,82.428200,72.332779,81.950211,71.964111,0.452012
test/254.jpg,0.005949,0.472955,0.474369,67.776329,79.761368,85.413521,75.903206,99.833282,71.827972,0.715714
test/291.jpg,0.122441,0.612320,0.288859,65.477737,52.863754,71.102531,54.140858,75.659286,54.843079,0.595568
test/352.jpg,0.223698,0.646894,0.115114,53.891666,94.349068,71.616859,99.893448,88.481911,101.339546,0.892739
test/90.jpg,-0.079646,0.600190,0.559635,68.831680,60.071411,73.619896,60.471008,76.403633,61.339512,0.639588
test/329.jpg,-0.007863,0.731085,0.269047,70.291138,60.739178,74.486626,61.004326,77.450043,61.000584,0.620612
test/275.jpg,0.077103,0.499326,0.326341,63.340538,101.596657,67.912262,102.083488,71.723511,102.033524,0.564294
test/194.jpg,0.021556,0.483550,0.484486,68.794258,73.065338,70.600838,73.321098,70.931725,73.575630,0.440867
test/454.jpg,-0.163800,0.516696,0.658137,106.662704,53.587223,108.884186,54.752548,108.539520,55.525757,0.535685
test/315.jpg,0.053397,0.380449,0.519595,54.025772,46.372246,58.415245,48.397346,61.514027,48.948242,0.602139
test/267.jpg,0.105686,0.780175,-0.050027,29.719252,88.781960,47.997337,90.372032,66.359833,88.951447,0.829826
test/503.jpg,-0.083576,0.425727,0.536378,51.296764,88.552162,57.089409,87.572296,62.044506,86.062637,0.727759
